,candidato,pred,tweet
206,bolsonaro,lula,- Document√°rio sobre a chegada das √Åguas do Rio S√£o Francisco no sert√£o do Nordeste e evolu√ß√£o da Ferrovia TransNordestina que traz e trar√° retorno para todo o pa√≠s.
284,bolsonaro,lula,"- O Embaixador e o povo j√° decretaran! Neste domingo, √© 2Ô∏è‚É£2Ô∏è‚É£‚úÖ para o Brasil seguir no caminho da liberdade e da prosperidade! Valeu, @gusttavo_lima !"
43,bolsonaro,lula,"- Meu obrigado a Donald Trump pelo apoio! Sinto orgulho por ver que nosso trabalho por um Brasil mais seguro e mais livre √© respeitado no mundo todo e que, hoje, contamos com o apoio de na√ß√µes democr√°ticas e n√£o de ditaduras socialistas como no passado. Que a liberdade prevale√ßa!"
1451,lula,bolsonaro,Fio com algumas das mentiras de Bolsonaro ontem. #EquipeLula
1344,lula,bolsonaro,"Quem nasce no asfalto, com energia el√©trica e √°gua pot√°vel, n√£o sabe o significado de fazer cisternas no Brasil. Quando a fizemos mais de 1 milh√£o de cisternas, pensamos na sobreviv√™ncia e na dignidade das pessoas que mais precisavam."
1482,lula,bolsonaro,"Eu fiz a maior campanha de desarmamento do pa√≠s. E no meu governo n√≥s vamos distribuir livros, cultura. Acesso √†s coisas que educam, n√£o que matam. #LulaNaGlobo #DebateNaGlobo"
1023,lula,bolsonaro,Foi o legado pol√≠tico que deixamos no Brasil que fez com que a gente vencesse a elei√ß√£o mais dif√≠cil da hist√≥ria do pa√≠s. Voc√™s lembram como foi dif√≠cil ser oposi√ß√£o nos √∫ltimos anos. E o povo brasileiro teve coragem. Agora n√≥s temos que fazer mais.
1011,lula,bolsonaro,"N√£o deixem de cobrar do nosso governo. Um governo n√£o precisa de tapinha nas costas. Precisa ser cobrado todos os dias, para aprimorarmos nossa capacidade de trabalho. Cobrem, para que a gente fa√ßa. Boa noite e at√© amanh√£!"
111,bolsonaro,lula,"- Fake News se combate com a verdade! Quando um ve√≠culo realiza um trabalho s√©rio, com um jornalismo de qualidade, ele ganha credibilidade perante o p√∫blico. Logo, cada vez mais, a mentira perde espa√ßo. √â assim que se constr√≥i um ambiente saud√°vel e ao mesmo tempo livre!"
1445,lula,bolsonaro,"O povo brasileiro est√° cansado desse governo. Nosso pa√≠s precisa ser reconstru√≠do por algu√©m que tenha credibilidade, que tenha rela√ß√£o com a sociedade. As pessoas n√£o podem ser pegas de surpresa com mentiras, viol√™ncia."
1140,lula,bolsonaro,"Penso que fizemos a transi√ß√£o mais democr√°tica da hist√≥ria. Me impressionou a quantidade de volunt√°rios e volunt√°rias que tivemos. Tomei a decis√£o de apresentar alguns ministros hoje, algumas pessoas precisam come√ßar a trabalhar para montar o governo."
748,bolsonaro,lula,"- No fim das contas, as diverg√™ncias pouca diferen√ßa fazem na hora de nossa partida para perto de Deus. O que fica s√£o as nossas obras, e J√¥ Soares deixa para o Brasil um exemplo de postura, eleg√¢ncia e bom humor, e, por isso, tem o meu respeito."
1323,lula,bolsonaro,"Uma linda despedida dos palcos para o gigante @MiltonBituca. Um grande abra√ßo, meu amigo."
1167,lula,bolsonaro,Entrevista coletiva do GT de Planejamento
488,bolsonaro,lula,"- Repito: numa √∫nica fam√≠lia brasileira h√° mais diversidade do que em muitas na√ß√µes. Est√° em nosso DNA lidar com as diferen√ßas e contradi√ß√µes, porque somos frutos delas. N√£o √© uma ra√ßa, sexo ou classe que nos une como povo, s√£o os valores que carregamos dentro de cada um de n√≥s."
1335,lula,bolsonaro,"Por que eu voltei? 

üé•: @ricardostuckert"
179,bolsonaro,lula,"- J√° o candidato do crime organizado n√£o pode anunciar ningu√©m porque j√° entregou tudo na m√£o de grupos e partidos pol√≠ticos em troca de apoio. √â por isso que ele √© o candidato do sistema, porque quem √© ref√©m pode ser chantageado. Ou algu√©m acha que ele foi solto por caridade?"
498,bolsonaro,lula,"- Mesmo em meio a todo o caos, pude sentir o apoio de cada brasileiro. Desde ent√£o, esse apoio tem sido fundamental para permanecermos de p√© e vencermos grandes desafios. Por isso, estarei sempre ao lado do povo. S√≥ assim poderemos seguir construindo o futuro que sempre sonhamos!"
956,lula,bolsonaro,Entrevista coletiva do GT deSa√∫de
603,bolsonaro,lula,"- Apesar disso, sua liberdade foi preservada. Hoje a emissora pode at√© continuar promovendo perversidades como o aborto, as drogas, a ideologia de g√™nero, a invers√£o de valores e a destrui√ß√£o da fam√≠lia se assim desejar, s√≥ que n√£o mais sustentada com rios de dinheiro p√∫blico."
1104,lula,bolsonaro,Encerramento dos trabalhos dosGTs
1495,lula,bolsonaro,"Se Bolsonaro n√£o sabe como responder, eu dou uma dica. Voc√™s fizeram uma reforma da previd√™ncia, e voc√™s aumentaram o tempo para um trabalhador se aposentar? O aposentado tamb√©m est√° passando fome, porque n√£o tem aumento do sal√°rio m√≠nimo. #LulaNaGlobo #DebateNaGlobo"
63,bolsonaro,lula,"1. Reduzir maioridade penal para crimes hediondos, como estupro, homic√≠dio e latroc√≠nio.

2. Acabar com a audi√™ncia de cust√≥dia, hoje um dos maiores est√≠mulos √† impunidade no pa√≠s.

3. Endurecer penas para crimes violentos e os crit√©rios para progress√£o de
regime."
1484,lula,bolsonaro,Eu perguntei sobre sa√∫de e Bolsonaro quer fazer debate de vice. Quantos hospitais voc√™ fez a mais? Quantos m√©dicos a mais? Sabe o que Bolsonaro fez a mais? Comprou 35 mil caixas de viagra para For√ßas Armadas. #LulaNaGlobo #DebateNaGlobo
1492,lula,bolsonaro,O PT nunca foi contra o Aux√≠lio Brasil. Mais uma mentira do Bolsonaro que n√£o se sustenta. #LulaNaGlobo #DebateNaGlobo #EquipeLula
1151,lula,bolsonaro,"Entrevista coletiva do GT de Ci√™ncia, TecnologiaeInova√ß√£o"
141,bolsonaro,lula,"- Entendo o Lula tentar fugir. A verdade incomoda, mas precisa ser dita! Quem √© amigo do crime e de ditadores socialistas, √© inimigo do povo!"
1503,lula,bolsonaro,"Bolsonaro n√£o sabe o que √© uma cisterna, o que √© um cidad√£o ter luz pela primeira vez em casa e poder comprar uma m√°quina para fazer suco e ter uma forma de ter renda. #LulaNaGlobo #DebateNaGlobo"
1050,lula,bolsonaro,Fl√°vio Dino anuncia novos nomesdoMJ
451,bolsonaro,lula,"- Volta do esporte abandonado nas escolas, profissionaliza√ß√£o de carreira, futuro longe de malef√≠cios sociais, al√©m de sa√∫de aos jovens brasileiros."
1097,lula,bolsonaro,"Nunca aceite pagar o pre√ßo de um crime que voc√™ n√£o cometeu. A mentira que contaram contra mim foi transformada em verdade sem que houvesse uma √∫nica cobran√ßa. Foram 5 anos, n√£o foram 5 dias. Foram vidas destru√≠das. E n√≥s estamos aqui de cabe√ßa erguida. Os que me condenaram, n√£o."
1118,lula,bolsonaro,"Quando se esperava um debate pol√≠tico democr√°tico, a Na√ß√£o foi envenenada com mentiras produzidas no submundo das redes sociais. Semearam a mentira e o √≥dio, e o pa√≠s colheu uma viol√™ncia pol√≠tica que s√≥ se viu nas p√°ginas mais tristes da nossa hist√≥ria. Mas a democracia venceu."
640,bolsonaro,lula,"- O valor das arrecada√ß√µes √© destinado √† sociedade por meio de investimentos na Seguran√ßa P√∫blica, equipamentos, capacita√ß√£o e projetos de combate √†s drogas em todo o pa√≠s."
1440,lula,bolsonaro,"Nosso √∫ltimo ato da campanha na Avenida Paulista. Somos milh√µes nas ruas. Somos o povo brasileiro. E com muito amor, contra o √≥dio, amanh√£ votaremos 13.

üì∏: @ricardostuckert"
856,lula,bolsonaro,"Aline Sousa, 33 anos, catadora desde os 14 anos e a 3¬™ gera√ß√£o de catadora na fam√≠lia. M√£e de filhos 6 meninos e 1 menina, em 2012 Aline foi eleita diretora Secret√°ria da Rede CENTCOOP-DF e 3 anos depois a primeira presidenta da entidade. #EquipeLula"
259,bolsonaro,lula,"- Nossos advers√°rios s√≥ se prepararam para uma corrida de 100 metros. N√≥s estamos prontos para uma maratona. Vamos lutar com confian√ßa e com for√ßa cada vez maior, certos de que vamos prevalecer pela p√°tria, pela fam√≠lia, pela vida, pela liberdade e pela vontade de Deus! üáßüá∑"
1227,lula,bolsonaro,"Erasmo Carlos, muito al√©m da Jovem Guarda, foi cantor e compositor de extremo talento, autor de muitas das can√ß√µes que mais emocionaram brasileiros nas √∫ltimas d√©cadas. Tremend√£o, amigo de f√©, irm√£o camarada, cantou amores, a for√ßa da mulher e a preocupa√ß√£o com o meio ambiente."
1159,lula,bolsonaro,GT de Cidades: entrevista coletivanoCCBB
1002,lula,bolsonaro,"Desejo que o Natal seja o da reconcilia√ß√£o das fam√≠lias, e da reconcilia√ß√£o do Brasil consigo mesmo. Vou trabalhar mais do que trabalhei nos governos anteriores para que o Natal de todos, em especial dos que mais precisam, seja melhor no pr√≥ximo ano."
817,lula,bolsonaro,"Boa noite e at√© amanh√£!

üì∏: @ricardostuckert"
1152,lula,bolsonaro,Essa √© a maior destrui√ß√£o dos √∫ltimos 15 anos. Os n√∫meros mostram que teremos muito trabalho pela frente para combater a destrui√ß√£o ambiental e devolver o respeito e a soberania ao Brasil.
1105,lula,bolsonaro,"O povo escolheu a democracia. E construiremos um governo de participa√ß√£o, respeito e direitos para a popula√ß√£o brasileira.

üé•: @ricardostuckert"
186,bolsonaro,lula,- Cerca de 30% da popula√ß√£o venezuelana acolhida pelo Brasil √© crian√ßa. Cada uma delas nos toca com sua pureza e sua simplicidade.
936,lula,bolsonaro,"Se estamos aqui √© gra√ßas √† consci√™ncia pol√≠tica da sociedade brasileira e √† frente democr√°tica que formamos. Foi a democracia a grande vitoriosa, superando a maior mobiliza√ß√£o de recursos p√∫blicos e privados que j√° se viu; as mais violentas amea√ßas √† liberdade do voto."
200,bolsonaro,lula,"√â preciso estar atento aos sinais. O apoio maci√ßo de presos e de chefe de fac√ß√£o ao Lula n√£o √© mera admira√ß√£o. Eles sabem que o PT no poder representa vida boa para o crime. E essa √© a f√≥rmula perfeita para a viol√™ncia voltar a crescer, porque bandido s√≥ respeita o que teme."
1549,lula,bolsonaro,"Por que o Roberto Jefferson tinha que ter tanta arma? Por que o vizinho do Bolsonaro tinha que ter tanta arma? O Brasil n√£o precisa dessa quantidade de armas. Quem compra armas desse jeito que est√£o liberando √© o crime organizado, n√£o o cidad√£o que quer cuidar da sua fam√≠lia."
851,lula,bolsonaro,"Ivan Baron, jovem potiguar que aos 3 anos de idade teve meningite viral, doen√ßa que causou sua Paralisia Cerebral, que apesar, do nome, nunca lhe paralisou. Refer√™ncia na luta Anticapacitista e considerado um dos embaixadores da inclus√£o em uma sociedade excludente. #EquipeLula"
262,bolsonaro,lula,"- Muita gente se deixou levar pelas mentiras propagadas pelos institutos de pesquisas, que sa√≠ram do 1¬∞ turno completamente desmoralizados. Erraram todas as previs√µes e j√° s√£o os maiores derrotados desta elei√ß√£o. Vencemos essa mentira e agora vamos vencer a elei√ß√£o!"
99,bolsonaro,lula,- Hoje vamos conversar com um abortista crist√£o:
46,bolsonaro,lula,- Existe muito mais al√©m. Reconstruir um pa√≠s continental e que foi abandonado por d√©cadas demanda tempo e muito esfor√ßo. Mas hoje posso garantir que somos capazes de alcan√ßar os nossos  objetivos e finalmente transformar o Brasil na na√ß√£o que sempre sonhamos. At√© a vit√≥ria!
955,lula,bolsonaro,"Eu tive o privil√©gio que os brasileiros mais jovens n√£o tiveram: eu vi o Pel√© jogar, ao vivo, no Pacaembu e Morumbi. Jogar, n√£o. Eu vi o Pel√© dar show. Porque quando pegava na bola ele sempre fazia algo especial, que muitas vezes acabava em gol.

üì∏: @ricardostuckert"
935,lula,bolsonaro,"Ao retornar a este plen√°rio da C√¢mara dos Deputados, onde participei da Assembleia Constituinte de 1988, recordo com emo√ß√£o os embates que travamos aqui, democraticamente, para inscrever na Constitui√ß√£o o mais amplo conjunto de direitos sociais, individuais e coletivos."
471,bolsonaro,lula,"- Esse m√™s a EMBRAPII traz muita novidade!

- A EMBRAPII e a ANPROTEC assinaram um acordo que visa aumentar o fomento de projetos de startups e empresas de pequeno porte do Brasil."
1221,lula,bolsonaro,"S√≥ fui at√© o tetra, mas rumo ao Hexa! üáßüá∑
https://t.co/pWwcdU8YYu"
1144,lula,bolsonaro,"Casa Civil: @costa_rui, duas vezes governador da Bahia, o mais votado da hist√≥ria do Estado. Ampliou programas como Luz Para Todos e Minha Casa Minha Vida para o povo baiano."
1160,lula,bolsonaro,"Entrevista coletiva do GT de Ind√∫stria, Com√©rcioeServi√ßos"
1120,lula,bolsonaro,"Os inimigos da democracia lan√ßaram d√∫vidas sobre as urnas eletr√¥nicas, cuja confiabilidade √© reconhecida em todo o mundo. Criaram obst√°culos de √∫ltima hora para que eleitores fossem impedidos de chegar a seus locais de vota√ß√£o."
868,lula,bolsonaro,"O que o povo brasileiro sofreu nestes √∫ltimos anos foi a lenta e progressiva constru√ß√£o de um genoc√≠dio. Vivemos um dos piores per√≠odos da nossa hist√≥ria. Uma era de sombras, de incertezas e de muito sofrimento. Mas esse pesadelo chegou ao fim."
313,bolsonaro,lula,"- Mas quem pensa que conseguir√° tirar o povo novamente das decis√µes nacionais e retomar as velhas pr√°ticas que condenaram o pa√≠s √† mis√©ria, n√£o conhece a sua for√ßa. Se eles est√£o unidos para defender a si pr√≥prios, estamos ainda mais unidos com o povo para defender seus valores!"
51,bolsonaro,lula,"18. Fazer do Nordeste o centro mundial de gera√ß√£o de energia verde e converter os royalties em benef√≠cios sociais para a popula√ß√£o, como o Aux√≠lio Brasil."
665,bolsonaro,lula,"-Al√©m do in√≠cio dos investimentos hist√≥ricos com a san√ß√£o do Marco do Saneamento B√°sico, derivando em mais sa√∫de para o povo. Passos gigantescos s√£o dados em obras que jamais renderam votos, pois n√£o possuem visibilidade direta ou devido a interesses que sempre estiveram por tr√°s"
1044,lula,bolsonaro,Al√¥?
1431,lula,bolsonaro,"Em Sergipe, vote no @SenadorRogerio e @GAMAAJU. #EquipeLula

üì∏: @ricardostuckert"
895,lula,bolsonaro,"Minha mais importante miss√£o ser√° honrar a confian√ßa recebida e corresponder √†s esperan√ßas de um povo sofrido, que jamais perdeu a f√© no futuro nem em sua capacidade de superar os desafios. Com a for√ßa do povo e as b√™n√ß√£os de Deus, haveremos der reconstruir este pa√≠s."
930,lula,bolsonaro,"Ficou demonstrado que um representante da classe trabalhadora podia, sim, dialogar com a sociedade para promover o crescimento econ√¥mico de forma sustent√°vel e em benef√≠cio de todos, especialmente dos mais necessitados."
1379,lula,bolsonaro,Parab√©ns! #orgulhodoBrasil
207,bolsonaro,lula,"- Investigaram o Lula e ele foi preso condenado em tr√™s inst√¢ncias por corrup√ß√£o e lavagem de $$$. N√£o venceu nada, recebeu uma m√£ozinha pra ser solto e reiniciar os processos. Os crimes existiram! E sobre essa ""vit√≥ria"" na ONU, √© t√£o real quanto a democracia na Nicar√°gua."
1183,lula,bolsonaro,"Minha solidariedade e meus sentimentos para as fam√≠lias que est√£o sofrendo com as fortes chuvas no Paran√°, Santa Catarina, Rio de Janeiro, Esp√≠rito Santo, Minas Gerais e Bahia."
1513,lula,bolsonaro,O governo das granadas contra os servidores. #EquipeLula
562,bolsonaro,lula,"- Como conclus√µes de obras abandonadas h√° d√©cadas, tamb√©m temos o compromisso de garantir a trafegabilidade dessa importante rodovia para a regi√£o Norte, que liga o estado ao restante da malha do pa√≠s."
1366,lula,bolsonaro,As elei√ß√µes terminaram mas ainda temos mentiras para combater. Quer ajudar o @LulaPelaVerdade? Entre nos grupos de WhatsApp! #EquipeLula
128,bolsonaro,lula,"- As estruturas s√£o voltadas para reduzir o sedentarismo (sa√∫de), afastar das drogas, inclus√£o social por meio do esporte e incentivar a pr√°tica de atividades f√≠sicas da base ao alto rendimento e na vertente de lazer."
1013,lula,bolsonaro,"Em dezembro de 1988, estive no vel√≥rio de Chico Mendes, em Xapuri. Ao assassinarem o Chico, nessa data, h√° 34 anos, tentaram apagar sua luta em defesa da Amaz√¥nia e dos trabalhadores. N√£o conseguiram, e hoje suas ideias seguem vivas pelo Brasil e pelo mundo."
1114,lula,bolsonaro,"A democracia enfrenta um desafio no mundo. Na Am√©rica Latina, Europa e EUA, inimigos da democracia se organizam e se movimentam. O combate, portanto, precisa ser nas trincheiras da governan√ßa global, com tecnologias avan√ßadas e uma legisla√ß√£o internacional mais dura e eficiente."
1005,lula,bolsonaro,Sei tamb√©m que esta √© uma √©poca especialmente triste para centenas de milhares de fam√≠lias que perderam seus entes queridos para a Covid. E para tantas outras que perderam tudo por causa das fortes chuvas que atingem v√°rios estados.
308,bolsonaro,lula,"- Avan√ßos acontecem devido √† desburocratiza√ß√µes, digitaliza√ß√µes, a lei de liberdade econ√¥mica que facilitam o empreendimento no pa√≠s e confian√ßa no Governo Brasileiro."
1325,lula,bolsonaro,A @JanjaLula tem sua hist√≥ria e personalidade. Por ela eu me apaixonei. Hoje o Brasil conheceu um pouco mais da Janjinha.
687,bolsonaro,lula,"- S√£o mais de 370 mil t√≠tulos entregues √† fam√≠lias de assentados, garantindo al√©m da posse, pol√≠ticas governamentais no incremento da produ√ß√£o do agricultor familiar. O Governo Federal faz hist√≥ria e liberta o Brasileiro das m√£os de fac√ß√µes patrocinadas por partidos de esquerda."
1535,lula,bolsonaro,Com o Bolsonaro n√£o existe previsibilidade. Ningu√©m sabe o que vai acontecer no dia seguinte. Ele vive de fazer fake news e falar no cercadinho. N√≥s queremos retomar a normalidade do governo.
1448,lula,bolsonaro,"Ontem no debate, fiz quest√£o de tentar provar o quanto Bolsonaro √© mentiroso. Agora ele tenta trabalhar nas redes sociais mais uma mentira sobre MEI. Ontem ele disse que criou milh√µes de empregos. Eu disse que ele mudou a sistem√°tica de contabilizar empregos."
1037,lula,bolsonaro,"Secretaria Geral da Presid√™ncia: @MarcioMacedoPT, deputado federal, vice-presidente do PT. Bi√≥logo formado pela Universidade Federal de Sergipe, foi secret√°rio do Meio Ambiente e dos Recursos H√≠dricos de Sergipe."
862,lula,bolsonaro,Quero terminar pedindo a cada um e a cada uma de voc√™s: que a alegria de hoje seja a mat√©ria-prima da luta de amanh√£ e de todos os dias que vir√£o. Que a esperan√ßa de hoje fermente o p√£o que h√° de ser repartido entre todos.
1485,lula,bolsonaro,"Bolsonaro n√£o responde sobre a pandemia porque deve pesar na consci√™ncia dele. Se ele tivesse seguido o aviso dos governadores do Nordeste, teria evitado pelo menos 200 mil mortes. Ele, desumano como √©, n√£o foi visitar uma pessoa que perdeu um parente. #LulaNaGlobo #DebateNaGlobo"
1520,lula,bolsonaro,https://t.co/hyOUG4XSDz
1446,lula,bolsonaro,Quero dar os parab√©ns ao @Haddad_Fernando pela campanha e pelo debate. Ontem pude sentir como √© dif√≠cil fazer um debate com quem mente descaradamente.
1170,lula,bolsonaro,"Animados com o resultado? Parab√©ns aos nossos jogadores üáßüá∑üëè 

üì∏: @ricardostuckert"
1381,lula,bolsonaro,"Somos milh√µes no Brasil da esperan√ßa! #tbt de alguns dos atos de rua pelo pa√≠s nessa campanha. Voc√™ participou?  üáßüá∑ü¶ë  #EquipeLula 

üì∏: @ricardostuckert"
922,lula,bolsonaro,"A liberdade que sempre defendemos √© a de viver com dignidade, com pleno direito de express√£o, manifesta√ß√£o e organiza√ß√£o. A liberdade que eles pregam √© a de oprimir o vulner√°vel, massacrar o oponente e impor a lei do mais forte acima das leis. O nome disso √© barb√°rie."
1015,lula,bolsonaro,"Secretaria das Rela√ß√µes Institucionais: @padilhando 
Secretaria Geral da Presid√™ncia: @MarcioMacedoPT 
Advocacia-Geral da Uni√£o: Jorge Messias
Controladoria Geral da Uni√£o: Vin√≠cius Carvalho

üì∏: @ricardostuckert"
1247,lula,bolsonaro,"A gente n√£o quer viol√™ncia. O que queremos √© um pa√≠s em paz. Com perspectiva e oportunidade de sobreviv√™ncia. Todos n√≥s queremos aquilo que √© essencial. Queremos o direito de ter uma casa, criar nossas fam√≠lias bem, com escolas de qualidade. Ver nossos filhos na universidade."
602,bolsonaro,lula,"- A garantia que a Globo e a imprensa de forma geral sempre ter√° comigo √© de jamais defender o seu controle, como pretende o outro lado. Para quem ama e defende a liberdade, isso n√£o tem pre√ßo. Mas hoje, infelizmente, muitos s√£o capazes de entreg√°-la por algumas moedas de prata."
1329,lula,bolsonaro,"Parab√©ns, @anamarcela92. Das √°guas da Bahia para as √°guas do mundo! üåäüèÜ"
1257,lula,bolsonaro,"O Brasil voltou para o mundo pol√≠tico, para debater os assuntos que s√£o de interesse do pa√≠s e da humanidade. Foi muito emocionante na COP ouvir as pessoas gritando que o Brasil voltou. Nos √∫ltimos 4 anos, o pa√≠s se isolou."
918,lula,bolsonaro,"Sob os ventos da redemocratiza√ß√£o, diz√≠amos: ditadura nunca mais! Hoje, depois do terr√≠vel desafio que superamos, devemos dizer: democracia para sempre!"
1488,lula,bolsonaro,"O que est√£o achando? #DebateNaGlobo

üì∏: @ricardostuckert"
1199,lula,bolsonaro,A viol√™ncia pol√≠tica de g√™nero causou danos irrepar√°veis na pol√≠tica brasileira nos √∫ltimos anos. As mulheres precisam ser respeitadas na pol√≠tica e nosso pa√≠s precisa recuperar a paz e a democracia.
1165,lula,bolsonaro,Entrevista coletiva do GT de Educa√ß√£o
67,bolsonaro,lula,"- Belo Horizonte/MG.
- Presidente Jair Bolsonaro.
- Obrigado Minas Gerais.
- S√°bado, 29/outubro.
- Os vov√¥s, as vov√≥s e os nossos jovens ser√£o decisivos amanh√£, assim como as tias do zap."
1226,lula,bolsonaro,"Deixa saudades e dezenas de m√∫sicas que sempre estar√£o em nossas lembran√ßas e na trilha sonora de nossas vidas. Meus sentimentos aos familiares, amigos e f√£s de Erasmo Carlos."
1117,lula,bolsonaro,"O resultado destas elei√ß√µes n√£o foi apenas a vit√≥ria de um candidato ou de um partido. Tive o privil√©gio de ser apoiado por uma frente de 12 partidos no primeiro turno, aos quais se somaram mais dois no segundo turno."
1008,lula,bolsonaro,üéÆ
318,bolsonaro,lula,"- Prova disso √© que as estatais que antes eram saqueadas e davam preju√≠zos √† na√ß√£o, hoje d√£o lucros recordes que auxiliam no pagamento de programas de transfer√™ncia de renda bem maiores. Sempre foi uma quest√£o de escolha: n√≥s escolhemos transformar o pa√≠s, eles escolheram roubar."
1505,lula,bolsonaro,"O povo quer saber por que n√£o deu aumento real ao sal√°rio m√≠nimo, Bolsonaro? #LulaNaGlobo #DebateNaGlobo"
1481,lula,bolsonaro,"Sabe qual o modelo de cidad√£o pac√≠fico do Bolsonaro? O Roberto Jefferson, armado at√© os dentes atirando na Pol√≠cia Federal. #LulaNaGlobo #DebateNaGlob"
1225,lula,bolsonaro,Entrevista coletiva de Geraldo Alckmin emBras√≠lia
224,bolsonaro,lula,"- Aborto √©, sobretudo, a destrui√ß√£o do futuro, pois n√£o existe futuro quando n√£o se tem o direito de existir. A vida come√ßa na concep√ß√£o. Neste momento j√° somos quem sempre seremos: √∫nicos e com alma. Essa √© uma verdade permanente, independente de ser ano eleitoral ou n√£o!"
1328,lula,bolsonaro,"‚ù§Ô∏è @JanjaLula 

Foto: @ricardostuckert"
1102,lula,bolsonaro,"Agrade√ßo a @simonetebetbr e outros que estiveram ao nosso lado na campanha. A palavra gratid√£o tem que ter um peso especial na nossa vida. √â importante aprender a ser grato a aquelas pessoas que, mesmo discordando, escolhem estar ao nosso lado para vencer um inimigo irracional."
53,bolsonaro,lula,16. Promover a desonera√ß√£o da folha de pagamento para profissionais de sa√∫de e buscar a desonera√ß√£o gradual para os demais profissionais.
876,lula,bolsonaro,"Reassumo o compromisso de cuidar de todos, sobretudo daqueles que mais necessitam. De acabar outra vez com a fome. Temos um imenso legado, ainda vivo na mem√≥ria de cada brasileiro e brasileira, benefici√°rio ou n√£o das pol√≠ticas p√∫blicas que fizeram uma revolu√ß√£o neste pa√≠s."
731,bolsonaro,lula,"- Aos quase 600 mil expectadores que nos aguentaram por mais de 5 horas ininterruptas, o meu muito obrigado pela audi√™ncia e, principalmente, pela paci√™ncia! Kkkk. Um bate papo com muita informa√ß√£o, descontra√ß√£o, embates, bom humor e seriedade. Boa noite a todos!"
985,lula,bolsonaro,An√∫ncio do ministro Fernando Haddad
96,bolsonaro,lula,- Di√°rio Oficial da Uni√£o de hoje (24) publica decreto que regulamenta o Programa de Desenvolvimento Ferrovi√°rio.
1416,lula,bolsonaro,"A roda da economia vai voltar a girar com os pobres fazendo parte do or√ßamento. Com apoio aos pequenos e m√©dios produtores rurais, respons√°veis por 70% dos alimentos que chegam √†s nossas mesas. Com todos os incentivos poss√≠veis aos micros e pequenos empreendedores."
